Entity,Code,Year,temperature_response_ghg_fossil
Canada,CAN,1851,0.0000074343
Canada,CAN,1852,0.000014764945
Canada,CAN,1853,0.000022340715
Canada,CAN,1854,0.000030180485
Canada,CAN,1855,0.000038303555
Canada,CAN,1856,0.00004672975
Canada,CAN,1857,0.00005548121
Canada,CAN,1858,0.00006458253
Canada,CAN,1859,0.00007405486
Canada,CAN,1860,0.0000839258
Canada,CAN,1861,0.00009260095
Canada,CAN,1862,0.00010106535
Canada,CAN,1863,0.000109339926
Canada,CAN,1864,0.000117418414
Canada,CAN,1865,0.00012533077
Canada,CAN,1866,0.00013609565
Canada,CAN,1867,0.00014379363
Canada,CAN,1868,0.00015091784
Canada,CAN,1869,0.00015770721
Canada,CAN,1870,0.00016543672
Canada,CAN,1871,0.00017377296
Canada,CAN,1872,0.00018224995
Canada,CAN,1873,0.00019039557
Canada,CAN,1874,0.00019829172
Canada,CAN,1875,0.00020601618
Canada,CAN,1876,0.0002133883
Canada,CAN,1877,0.00022047586
Canada,CAN,1878,0.000227138
Canada,CAN,1879,0.00023359027
Canada,CAN,1880,0.00024129558
Canada,CAN,1881,0.00025016494
Canada,CAN,1882,0.00025957337
Canada,CAN,1883,0.00026942173
Canada,CAN,1884,0.0002799086
Canada,CAN,1885,0.00029016472
Canada,CAN,1886,0.00029786883
Canada,CAN,1887,0.00030904321
Canada,CAN,1888,0.00032192725
Canada,CAN,1889,0.00033367836
Canada,CAN,1890,0.00034514526
Canada,CAN,1891,0.00035748587
Canada,CAN,1892,0.0003696536
Canada,CAN,1893,0.0003822001
Canada,CAN,1894,0.00039426406
Canada,CAN,1895,0.0004058564
Canada,CAN,1896,0.0004179629
Canada,CAN,1897,0.00043007135
Canada,CAN,1898,0.0004426181
Canada,CAN,1899,0.0004568914
Canada,CAN,1900,0.00047168334
Canada,CAN,1901,0.00048822883
Canada,CAN,1902,0.0005059088
Canada,CAN,1903,0.0005251916
Canada,CAN,1904,0.0005475996
Canada,CAN,1905,0.0005717509
Canada,CAN,1906,0.0005971075
Canada,CAN,1907,0.00062847586
Canada,CAN,1908,0.000660352
Canada,CAN,1909,0.00069161836
Canada,CAN,1910,0.0007265935
Canada,CAN,1911,0.0007666478
Canada,CAN,1912,0.00081089366
Canada,CAN,1913,0.0008621001
Canada,CAN,1914,0.00090814783
Canada,CAN,1915,0.0009503164
Canada,CAN,1916,0.0010003253
Canada,CAN,1917,0.0010549097
Canada,CAN,1918,0.0011115827
Canada,CAN,1919,0.0011610278
Canada,CAN,1920,0.0012147535
Canada,CAN,1921,0.00126646
Canada,CAN,1922,0.001311907
Canada,CAN,1923,0.0013691984
Canada,CAN,1924,0.0014174256
Canada,CAN,1925,0.0014639277
Canada,CAN,1926,0.0015154687
Canada,CAN,1927,0.001569586
Canada,CAN,1928,0.0016245431
Canada,CAN,1929,0.0016827789
Canada,CAN,1930,0.0017376124
Canada,CAN,1931,0.0017814183
Canada,CAN,1932,0.0018209674
Canada,CAN,1933,0.0018587152
Canada,CAN,1934,0.001902569
Canada,CAN,1935,0.001946589
Canada,CAN,1936,0.0019937106
Canada,CAN,1937,0.0020443373
Canada,CAN,1938,0.0020903363
Canada,CAN,1939,0.002142462
Canada,CAN,1940,0.0022016081
Canada,CAN,1941,0.0022679197
Canada,CAN,1942,0.0023414625
Canada,CAN,1943,0.002418304
Canada,CAN,1944,0.0024989161
Canada,CAN,1945,0.0025742203
Canada,CAN,1946,0.0026532973
Canada,CAN,1947,0.002734683
Canada,CAN,1948,0.0028243146
Canada,CAN,1949,0.0029060666
Canada,CAN,1950,0.002995452
Canada,CAN,1951,0.003091974
Canada,CAN,1952,0.0031880452
Canada,CAN,1953,0.0032855556
Canada,CAN,1954,0.0033843752
Canada,CAN,1955,0.0034883358
Canada,CAN,1956,0.0036043108
Canada,CAN,1957,0.003716716
Canada,CAN,1958,0.0038307528
Canada,CAN,1959,0.003946373
Canada,CAN,1960,0.004067
Canada,CAN,1961,0.0041872524
Canada,CAN,1962,0.004314929
Canada,CAN,1963,0.0044442504
Canada,CAN,1964,0.004590097
Canada,CAN,1965,0.0047471295
Canada,CAN,1966,0.004909134
Canada,CAN,1967,0.005086164
Canada,CAN,1968,0.005276703
Canada,CAN,1969,0.005472219
Canada,CAN,1970,0.0056859893
Canada,CAN,1971,0.0059041586
Canada,CAN,1972,0.0061446275
Canada,CAN,1973,0.0063960557
Canada,CAN,1974,0.00664708
Canada,CAN,1975,0.006893977
Canada,CAN,1976,0.007136547
Canada,CAN,1977,0.0073857526
Canada,CAN,1978,0.007639725
Canada,CAN,1979,0.007910683
Canada,CAN,1980,0.008176376
Canada,CAN,1981,0.008433054
Canada,CAN,1982,0.008677988
Canada,CAN,1983,0.008922046
Canada,CAN,1984,0.009173759
Canada,CAN,1985,0.009420981
Canada,CAN,1986,0.009658596
Canada,CAN,1987,0.009907095
Canada,CAN,1988,0.010168152
Canada,CAN,1989,0.010435702
Canada,CAN,1990,0.010695397
Canada,CAN,1991,0.010952795
Canada,CAN,1992,0.011214581
Canada,CAN,1993,0.011471714
Canada,CAN,1994,0.011747783
Canada,CAN,1995,0.0120375445
Canada,CAN,1996,0.012338887
Canada,CAN,1997,0.01264785
Canada,CAN,1998,0.01295881
Canada,CAN,1999,0.013271713
Canada,CAN,2000,0.013603736
Canada,CAN,2001,0.013932325
Canada,CAN,2002,0.014268518
Canada,CAN,2003,0.0146120405
Canada,CAN,2004,0.014951127
Canada,CAN,2005,0.015282351
Canada,CAN,2006,0.015617792
Canada,CAN,2007,0.01596002
Canada,CAN,2008,0.016284527
Canada,CAN,2009,0.01657981
Canada,CAN,2010,0.016883047
Canada,CAN,2011,0.017189834
Canada,CAN,2012,0.017494855
Canada,CAN,2013,0.017799327
Canada,CAN,2014,0.0181068
Canada,CAN,2015,0.018407749
Canada,CAN,2016,0.018693473
Canada,CAN,2017,0.018983368
Canada,CAN,2018,0.019280078
Canada,CAN,2019,0.01957461
Canada,CAN,2020,0.01980925
Canada,CAN,2021,0.020058023
Canada,CAN,2022,0.02031341
Canada,CAN,2023,0.020573713
Canada,CAN,2024,0.020817356
China,CHN,1851,0.000012952387
China,CHN,1852,0.000024168367
China,CHN,1853,0.00003365524
China,CHN,1854,0.00004142015
China,CHN,1855,0.000047470072
China,CHN,1856,0.000051811836
China,CHN,1857,0.000054452103
China,CHN,1858,0.000055397362
China,CHN,1859,0.000054653967
China,CHN,1860,0.00005222811
China,CHN,1861,0.0000488574
China,CHN,1862,0.000044544086
China,CHN,1863,0.000039290455
China,CHN,1864,0.000033098797
China,CHN,1865,0.00002597146
China,CHN,1866,0.000017910785
China,CHN,1867,0.000008919165
China,CHN,1868,-0.0000010009992
China,CHN,1869,-0.000011847282
China,CHN,1870,-0.000023617213
China,CHN,1871,-0.0000332595
China,CHN,1872,-0.000040772436
China,CHN,1873,-0.000046155958
China,CHN,1874,-0.000049411865
China,CHN,1875,-0.00005054383
China,CHN,1876,-0.000049557635
China,CHN,1877,-0.000046460686
China,CHN,1878,-0.00004126227
China,CHN,1879,-0.000033973534
China,CHN,1880,-0.000024614368
China,CHN,1881,-0.000013787636
China,CHN,1882,-0.00000149577
China,CHN,1883,0.000012259477
China,CHN,1884,0.000027476104
China,CHN,1885,0.000044152555
China,CHN,1886,0.0000622875
China,CHN,1887,0.00008187957
China,CHN,1888,0.00010292808
China,CHN,1889,0.00012543236
China,CHN,1890,0.00014940991
China,CHN,1891,0.00017390854
China,CHN,1892,0.0001989319
China,CHN,1893,0.00022448311
China,CHN,1894,0.00025056532
China,CHN,1895,0.00027718183
China,CHN,1896,0.00030432388
China,CHN,1897,0.00033199455
China,CHN,1898,0.0003601968
China,CHN,1899,0.00038896926
China,CHN,1900,0.00041824667
China,CHN,1901,0.0004480736
China,CHN,1902,0.0004784905
China,CHN,1903,0.00051016355
China,CHN,1904,0.0005424463
China,CHN,1905,0.0005753729
China,CHN,1906,0.0006144
China,CHN,1907,0.00066286395
China,CHN,1908,0.0007153879
China,CHN,1909,0.0007684708
China,CHN,1910,0.0008216975
China,CHN,1911,0.0008795727
China,CHN,1912,0.0009287003
China,CHN,1913,0.0009828592
China,CHN,1914,0.0010411784
China,CHN,1915,0.0011007193
China,CHN,1916,0.0011645467
China,CHN,1917,0.001231408
China,CHN,1918,0.0013014302
China,CHN,1919,0.0013755934
China,CHN,1920,0.0014532825
China,CHN,1921,0.0015295603
China,CHN,1922,0.0016066718
China,CHN,1923,0.0016879565
China,CHN,1924,0.0017711653
China,CHN,1925,0.0018521198
China,CHN,1926,0.0019252924
China,CHN,1927,0.002000776
China,CHN,1928,0.0020749795
China,CHN,1929,0.0021505484
China,CHN,1930,0.0022279622
China,CHN,1931,0.0023036033
China,CHN,1932,0.002383716
China,CHN,1933,0.0024660581
China,CHN,1934,0.0025524963
China,CHN,1935,0.0026455282
China,CHN,1936,0.0027410432
China,CHN,1937,0.0028313827
China,CHN,1938,0.00291438
China,CHN,1939,0.0030056266
China,CHN,1940,0.0031095436
China,CHN,1941,0.0032336675
China,CHN,1942,0.003367034
China,CHN,1943,0.0034854657
China,CHN,1944,0.0036018833
China,CHN,1945,0.0036792587
China,CHN,1946,0.0037410355
China,CHN,1947,0.0038040897
China,CHN,1948,0.003861045
China,CHN,1949,0.0039401874
China,CHN,1950,0.0040320624
China,CHN,1951,0.004145468
China,CHN,1952,0.004283471
China,CHN,1953,0.004427462
China,CHN,1954,0.0045936597
China,CHN,1955,0.004783341
China,CHN,1956,0.0049927304
China,CHN,1957,0.005238637
China,CHN,1958,0.0057050814
China,CHN,1959,0.006325103
China,CHN,1960,0.0069926004
China,CHN,1961,0.0074678366
China,CHN,1962,0.007852157
China,CHN,1963,0.008241647
China,CHN,1964,0.008633124
China,CHN,1965,0.009074933
China,CHN,1966,0.009564659
China,CHN,1967,0.009988294
China,CHN,1968,0.01044867
China,CHN,1969,0.010986492
China,CHN,1970,0.011683198
China,CHN,1971,0.012417236
China,CHN,1972,0.013185037
China,CHN,1973,0.0139775565
China,CHN,1974,0.014771896
China,CHN,1975,0.015674658
China,CHN,1976,0.016594445
China,CHN,1977,0.01759896
China,CHN,1978,0.018629128
China,CHN,1979,0.019623814
China,CHN,1980,0.020583946
China,CHN,1981,0.021610804
China,CHN,1982,0.022755949
China,CHN,1983,0.023964789
China,CHN,1984,0.025283324
China,CHN,1985,0.026675643
China,CHN,1986,0.028114256
China,CHN,1987,0.029666908
China,CHN,1988,0.03131039
China,CHN,1989,0.032967776
China,CHN,1990,0.034587327
China,CHN,1991,0.036261108
China,CHN,1992,0.03797471
China,CHN,1993,0.039775394
China,CHN,1994,0.0416839
China,CHN,1995,0.043722104
China,CHN,1996,0.045815933
China,CHN,1997,0.0478696
China,CHN,1998,0.049782105
China,CHN,1999,0.05176029
China,CHN,2000,0.053812224
China,CHN,2001,0.055937152
China,CHN,2002,0.0582387
China,CHN,2003,0.060965937
China,CHN,2004,0.06393416
China,CHN,2005,0.06728824
China,CHN,2006,0.07099307
China,CHN,2007,0.074953154
China,CHN,2008,0.07911904
China,CHN,2009,0.08345273
China,CHN,2010,0.088189684
China,CHN,2011,0.0935208
China,CHN,2012,0.0989556
China,CHN,2013,0.104482606
China,CHN,2014,0.11001554
China,CHN,2015,0.11543952
China,CHN,2016,0.12073017
China,CHN,2017,0.12619291
China,CHN,2018,0.13191639
China,CHN,2019,0.1378746
China,CHN,2020,0.14392623
China,CHN,2021,0.15021911
China,CHN,2022,0.1568091
China,CHN,2023,0.16356504
China,CHN,2024,0.17036623
India,IND,1851,0.000013486194
India,IND,1852,0.000027047437
India,IND,1853,0.00004068493
India,IND,1854,0.00005439982
India,IND,1855,0.00006819316
India,IND,1856,0.00008206592
India,IND,1857,0.000096018994
India,IND,1858,0.00011038518
India,IND,1859,0.00012503694
India,IND,1860,0.00013977688
India,IND,1861,0.00015446238
India,IND,1862,0.00016926228
India,IND,1863,0.00018418359
India,IND,1864,0.00019914973
India,IND,1865,0.00021418177
India,IND,1866,0.00022935105
India,IND,1867,0.00024405932
India,IND,1868,0.00025884665
India,IND,1869,0.0002737147
India,IND,1870,0.00029066086
India,IND,1871,0.0003074044
India,IND,1872,0.00032395188
India,IND,1873,0.0003403085
India,IND,1874,0.0003564772
India,IND,1875,0.0003724591
India,IND,1876,0.00038825397
India,IND,1877,0.0004038593
India,IND,1878,0.00042061368
India,IND,1879,0.00043698732
India,IND,1880,0.00045331038
India,IND,1881,0.00047013073
India,IND,1882,0.0004876746
India,IND,1883,0.00050591107
India,IND,1884,0.00052484113
India,IND,1885,0.00054406334
India,IND,1886,0.0005639608
India,IND,1887,0.0005848344
India,IND,1888,0.0006064589
India,IND,1889,0.0006290271
India,IND,1890,0.00065058743
India,IND,1891,0.00067247107
India,IND,1892,0.00069477654
India,IND,1893,0.00071730895
India,IND,1894,0.0007400825
India,IND,1895,0.0007640544
India,IND,1896,0.0007885606
India,IND,1897,0.0008135895
India,IND,1898,0.00083879166
India,IND,1899,0.0008648667
India,IND,1900,0.0008924943
India,IND,1901,0.0009202148
India,IND,1902,0.0009481336
India,IND,1903,0.00097523595
India,IND,1904,0.001002779
India,IND,1905,0.0010298513
India,IND,1906,0.0010581277
India,IND,1907,0.0010873564
India,IND,1908,0.0011181651
India,IND,1909,0.0011470605
India,IND,1910,0.0011746724
India,IND,1911,0.0012033392
India,IND,1912,0.0012349088
India,IND,1913,0.0012688084
India,IND,1914,0.0013028296
India,IND,1915,0.0013374721
India,IND,1916,0.0013721867
India,IND,1917,0.0014080469
India,IND,1918,0.0014472059
India,IND,1919,0.0014889634
India,IND,1920,0.0015232558
India,IND,1921,0.0015602489
India,IND,1922,0.0015974233
India,IND,1923,0.0016366699
India,IND,1924,0.0016787703
India,IND,1925,0.0017214745
India,IND,1926,0.0017644473
India,IND,1927,0.0018093289
India,IND,1928,0.0018536146
India,IND,1929,0.0019009335
India,IND,1930,0.0019499736
India,IND,1931,0.0019969144
India,IND,1932,0.0020417487
India,IND,1933,0.0020865242
India,IND,1934,0.0021360149
India,IND,1935,0.0021880104
India,IND,1936,0.0022407821
India,IND,1937,0.0022980638
India,IND,1938,0.0023598713
India,IND,1939,0.0024210694
India,IND,1940,0.0024891547
India,IND,1941,0.0025577445
India,IND,1942,0.0026270247
India,IND,1943,0.0026906955
India,IND,1944,0.0027548838
India,IND,1945,0.0028226702
India,IND,1946,0.0028889738
India,IND,1947,0.0029424985
India,IND,1948,0.0029949574
India,IND,1949,0.0030483915
India,IND,1950,0.0031026003
India,IND,1951,0.0031595866
India,IND,1952,0.003219998
India,IND,1953,0.0032812308
India,IND,1954,0.0033430713
India,IND,1955,0.0034083647
India,IND,1956,0.0034756847
India,IND,1957,0.0035489649
India,IND,1958,0.0036232087
India,IND,1959,0.003701768
India,IND,1960,0.003786938
India,IND,1961,0.0038792747
India,IND,1962,0.0039810664
India,IND,1963,0.004093099
India,IND,1964,0.0042019254
India,IND,1965,0.004321563
India,IND,1966,0.00444646
India,IND,1967,0.004584365
India,IND,1968,0.0047339904
India,IND,1969,0.0048860456
India,IND,1970,0.005049146
India,IND,1971,0.0052172686
India,IND,1972,0.0053943596
India,IND,1973,0.0055757277
India,IND,1974,0.0057665505
India,IND,1975,0.0059733232
India,IND,1976,0.0061871777
India,IND,1977,0.0064062877
India,IND,1978,0.0066275103
India,IND,1979,0.006855704
India,IND,1980,0.0070940047
India,IND,1981,0.00735349
India,IND,1982,0.0076204143
India,IND,1983,0.007906354
India,IND,1984,0.008205651
India,IND,1985,0.008522371
India,IND,1986,0.008877814
India,IND,1987,0.009263413
India,IND,1988,0.009688313
India,IND,1989,0.010154209
India,IND,1990,0.010556343
India,IND,1991,0.010981645
India,IND,1992,0.011425054
India,IND,1993,0.011866593
India,IND,1994,0.012323251
India,IND,1995,0.012805488
India,IND,1996,0.013319454
India,IND,1997,0.013859263
India,IND,1998,0.0144035565
India,IND,1999,0.014989952
India,IND,2000,0.015586462
India,IND,2001,0.01618115
India,IND,2002,0.016789716
India,IND,2003,0.017416725
India,IND,2004,0.018077236
India,IND,2005,0.018768325
India,IND,2006,0.01948772
India,IND,2007,0.020249529
India,IND,2008,0.021049276
India,IND,2009,0.02190404
India,IND,2010,0.022864463
India,IND,2011,0.023874693
India,IND,2012,0.024968319
India,IND,2013,0.026043763
India,IND,2014,0.027199294
India,IND,2015,0.028392091
India,IND,2016,0.029639937
India,IND,2017,0.030914782
India,IND,2018,0.032287873
India,IND,2019,0.03366
India,IND,2020,0.034934703
India,IND,2021,0.03634707
India,IND,2022,0.03785052
India,IND,2023,0.039471805
India,IND,2024,0.041156102
United Kingdom,GBR,1851,0.00008075605
United Kingdom,GBR,1852,0.00016058265
United Kingdom,GBR,1853,0.00023929361
United Kingdom,GBR,1854,0.00033733333
United Kingdom,GBR,1855,0.0004274552
United Kingdom,GBR,1856,0.0005210611
United Kingdom,GBR,1857,0.00061270414
United Kingdom,GBR,1858,0.00070046954
United Kingdom,GBR,1859,0.00079909514
United Kingdom,GBR,1860,0.00091072987
United Kingdom,GBR,1861,0.0010275529
United Kingdom,GBR,1862,0.0011380407
United Kingdom,GBR,1863,0.0012556214
United Kingdom,GBR,1864,0.0013824377
United Kingdom,GBR,1865,0.0015159398
United Kingdom,GBR,1866,0.0016555125
United Kingdom,GBR,1867,0.001796186
United Kingdom,GBR,1868,0.0019306663
United Kingdom,GBR,1869,0.0020706058
United Kingdom,GBR,1870,0.0022113188
United Kingdom,GBR,1871,0.0023654553
United Kingdom,GBR,1872,0.002529965
United Kingdom,GBR,1873,0.0027022653
United Kingdom,GBR,1874,0.0028594276
United Kingdom,GBR,1875,0.0030311975
United Kingdom,GBR,1876,0.0031988495
United Kingdom,GBR,1877,0.0033714138
United Kingdom,GBR,1878,0.0035409813
United Kingdom,GBR,1879,0.003706525
United Kingdom,GBR,1880,0.003885647
United Kingdom,GBR,1881,0.004074545
United Kingdom,GBR,1882,0.004267582
United Kingdom,GBR,1883,0.004467187
United Kingdom,GBR,1884,0.004655048
United Kingdom,GBR,1885,0.004835739
United Kingdom,GBR,1886,0.005012105
United Kingdom,GBR,1887,0.005193169
United Kingdom,GBR,1888,0.005386166
United Kingdom,GBR,1889,0.0055853487
United Kingdom,GBR,1890,0.0057896753
United Kingdom,GBR,1891,0.005995475
United Kingdom,GBR,1892,0.0061910274
United Kingdom,GBR,1893,0.006353493
United Kingdom,GBR,1894,0.0065560928
United Kingdom,GBR,1895,0.006756781
United Kingdom,GBR,1896,0.0069660908
United Kingdom,GBR,1897,0.007181905
United Kingdom,GBR,1898,0.0074000545
United Kingdom,GBR,1899,0.0076401196
United Kingdom,GBR,1900,0.007876031
United Kingdom,GBR,1901,0.008099681
United Kingdom,GBR,1902,0.008335472
United Kingdom,GBR,1903,0.008569903
United Kingdom,GBR,1904,0.0088090515
United Kingdom,GBR,1905,0.009054447
United Kingdom,GBR,1906,0.009313989
United Kingdom,GBR,1907,0.009587687
United Kingdom,GBR,1908,0.0098480005
United Kingdom,GBR,1909,0.010108072
United Kingdom,GBR,1910,0.010368903
United Kingdom,GBR,1911,0.010636752
United Kingdom,GBR,1912,0.010886255
United Kingdom,GBR,1913,0.011180541
United Kingdom,GBR,1914,0.011446668
United Kingdom,GBR,1915,0.011717502
United Kingdom,GBR,1916,0.01199988
United Kingdom,GBR,1917,0.012273112
United Kingdom,GBR,1918,0.012516708
United Kingdom,GBR,1919,0.012744301
United Kingdom,GBR,1920,0.0129893925
United Kingdom,GBR,1921,0.013115346
United Kingdom,GBR,1922,0.013323053
United Kingdom,GBR,1923,0.0135577675
United Kingdom,GBR,1924,0.013809799
United Kingdom,GBR,1925,0.014038056
United Kingdom,GBR,1926,0.014099135
United Kingdom,GBR,1927,0.014330408
United Kingdom,GBR,1928,0.0145421745
United Kingdom,GBR,1929,0.014771904
United Kingdom,GBR,1930,0.014984985
United Kingdom,GBR,1931,0.015170569
United Kingdom,GBR,1932,0.015352385
United Kingdom,GBR,1933,0.015519659
United Kingdom,GBR,1934,0.015718155
United Kingdom,GBR,1935,0.015919147
United Kingdom,GBR,1936,0.016133869
United Kingdom,GBR,1937,0.016363783
United Kingdom,GBR,1938,0.01659069
United Kingdom,GBR,1939,0.016823923
United Kingdom,GBR,1940,0.017069453
United Kingdom,GBR,1941,0.017367717
United Kingdom,GBR,1942,0.017630026
United Kingdom,GBR,1943,0.017873643
United Kingdom,GBR,1944,0.018108245
United Kingdom,GBR,1945,0.018329319
United Kingdom,GBR,1946,0.018630821
United Kingdom,GBR,1947,0.018879747
United Kingdom,GBR,1948,0.019153966
United Kingdom,GBR,1949,0.019426953
United Kingdom,GBR,1950,0.019705188
United Kingdom,GBR,1951,0.020027388
United Kingdom,GBR,1952,0.02034484
United Kingdom,GBR,1953,0.020674797
United Kingdom,GBR,1954,0.021006057
United Kingdom,GBR,1955,0.021354314
United Kingdom,GBR,1956,0.021694928
United Kingdom,GBR,1957,0.022027573
United Kingdom,GBR,1958,0.022356432
United Kingdom,GBR,1959,0.02266916
United Kingdom,GBR,1960,0.023002224
United Kingdom,GBR,1961,0.02333746
United Kingdom,GBR,1962,0.023673547
United Kingdom,GBR,1963,0.024020357
United Kingdom,GBR,1964,0.02436852
United Kingdom,GBR,1965,0.02473048
United Kingdom,GBR,1966,0.02507876
United Kingdom,GBR,1967,0.025395894
United Kingdom,GBR,1968,0.025717173
United Kingdom,GBR,1969,0.02604578
United Kingdom,GBR,1970,0.026379667
United Kingdom,GBR,1971,0.026702417
United Kingdom,GBR,1972,0.026997332
United Kingdom,GBR,1973,0.02730142
United Kingdom,GBR,1974,0.02756497
United Kingdom,GBR,1975,0.02782879
United Kingdom,GBR,1976,0.028086131
United Kingdom,GBR,1977,0.028344588
United Kingdom,GBR,1978,0.028606273
United Kingdom,GBR,1979,0.028897936
United Kingdom,GBR,1980,0.0291512
United Kingdom,GBR,1981,0.029394759
United Kingdom,GBR,1982,0.029626867
United Kingdom,GBR,1983,0.029850338
United Kingdom,GBR,1984,0.030011743
United Kingdom,GBR,1985,0.030219283
United Kingdom,GBR,1986,0.030447414
United Kingdom,GBR,1987,0.030679254
United Kingdom,GBR,1988,0.030904226
United Kingdom,GBR,1989,0.031125322
United Kingdom,GBR,1990,0.031367283
United Kingdom,GBR,1991,0.031620335
United Kingdom,GBR,1992,0.031880133
United Kingdom,GBR,1993,0.032115947
United Kingdom,GBR,1994,0.032354012
United Kingdom,GBR,1995,0.032585155
United Kingdom,GBR,1996,0.03282661
United Kingdom,GBR,1997,0.033056606
United Kingdom,GBR,1998,0.033274073
United Kingdom,GBR,1999,0.033469707
United Kingdom,GBR,2000,0.033656314
United Kingdom,GBR,2001,0.03384556
United Kingdom,GBR,2002,0.03402233
United Kingdom,GBR,2003,0.034198053
United Kingdom,GBR,2004,0.03441836
United Kingdom,GBR,2005,0.03459221
United Kingdom,GBR,2006,0.03474231
United Kingdom,GBR,2007,0.034886103
United Kingdom,GBR,2008,0.035016414
United Kingdom,GBR,2009,0.035124842
United Kingdom,GBR,2010,0.035222884
United Kingdom,GBR,2011,0.03529188
United Kingdom,GBR,2012,0.035375502
United Kingdom,GBR,2013,0.035458267
United Kingdom,GBR,2014,0.035531715
United Kingdom,GBR,2015,0.035588607
United Kingdom,GBR,2016,0.035636675
United Kingdom,GBR,2017,0.035683293
United Kingdom,GBR,2018,0.035742432
United Kingdom,GBR,2019,0.035808675
United Kingdom,GBR,2020,0.03586549
United Kingdom,GBR,2021,0.035931747
United Kingdom,GBR,2022,0.035991
United Kingdom,GBR,2023,0.036056977
United Kingdom,GBR,2024,0.036133364
United States,USA,1851,0.000058163554
United States,USA,1852,0.000118219374
United States,USA,1853,0.00018108299
United States,USA,1854,0.00024668445
United States,USA,1855,0.00031619475
United States,USA,1856,0.0003874967
United States,USA,1857,0.0004600177
United States,USA,1858,0.0005336863
United States,USA,1859,0.0006104637
United States,USA,1860,0.000689358
United States,USA,1861,0.0007663367
United States,USA,1862,0.0008437534
United States,USA,1863,0.0009254285
United States,USA,1864,0.0010088679
United States,USA,1865,0.001091506
United States,USA,1866,0.0011735098
United States,USA,1867,0.00126374
United States,USA,1868,0.0013595239
United States,USA,1869,0.0014621957
United States,USA,1870,0.0015673857
United States,USA,1871,0.0016729544
United States,USA,1872,0.001792265
United States,USA,1873,0.00191817
United States,USA,1874,0.0020382856
United States,USA,1875,0.0021567524
United States,USA,1876,0.002271303
United States,USA,1877,0.0023937232
United States,USA,1878,0.0025121279
United States,USA,1879,0.0026493834
United States,USA,1880,0.002799942
United States,USA,1881,0.0029565834
United States,USA,1882,0.0031278005
United States,USA,1883,0.0033080033
United States,USA,1884,0.0034944736
United States,USA,1885,0.0036818034
United States,USA,1886,0.003876966
United States,USA,1887,0.0040803975
United States,USA,1888,0.004324368
United States,USA,1889,0.004537991
United States,USA,1890,0.004793477
United States,USA,1891,0.005063966
United States,USA,1892,0.005343836
United States,USA,1893,0.005622124
United States,USA,1894,0.005880682
United States,USA,1895,0.0061746337
United States,USA,1896,0.006467696
United States,USA,1897,0.0067689256
United States,USA,1898,0.0070994203
United States,USA,1899,0.00747544
United States,USA,1900,0.007869947
United States,USA,1901,0.008301712
United States,USA,1902,0.008757117
United States,USA,1903,0.00929602
United States,USA,1904,0.009823315
United States,USA,1905,0.01042009
United States,USA,1906,0.011048336
United States,USA,1907,0.011786116
United States,USA,1908,0.012409403
United States,USA,1909,0.013117704
United States,USA,1910,0.013884157
United States,USA,1911,0.014637685
United States,USA,1912,0.015444472
United States,USA,1913,0.016317748
United States,USA,1914,0.017114162
United States,USA,1915,0.017933162
United States,USA,1916,0.018854763
United States,USA,1917,0.019875426
United States,USA,1918,0.020938585
United States,USA,1919,0.021805754
United States,USA,1920,0.02283918
United States,USA,1921,0.023650164
United States,USA,1922,0.024460528
United States,USA,1923,0.025552936
United States,USA,1924,0.026516903
United States,USA,1925,0.027490806
United States,USA,1926,0.02855309
United States,USA,1927,0.029549342
United States,USA,1928,0.030554831
United States,USA,1929,0.03162363
United States,USA,1930,0.03252628
United States,USA,1931,0.033259906
United States,USA,1932,0.033826225
United States,USA,1933,0.034432657
United States,USA,1934,0.03512307
United States,USA,1935,0.035839733
United States,USA,1936,0.036671363
United States,USA,1937,0.03752239
United States,USA,1938,0.03817446
United States,USA,1939,0.03898558
United States,USA,1940,0.03987971
United States,USA,1941,0.04095616
United States,USA,1942,0.04214215
United States,USA,1943,0.04328988
United States,USA,1944,0.04459904
United States,USA,1945,0.045851
United States,USA,1946,0.047014106
United States,USA,1947,0.048349526
United States,USA,1948,0.04976526
United States,USA,1949,0.050894715
United States,USA,1950,0.052316755
United States,USA,1951,0.05385157
United States,USA,1952,0.05539918
United States,USA,1953,0.056983627
United States,USA,1954,0.05848784
United States,USA,1955,0.060155533
United States,USA,1956,0.061884373
United States,USA,1957,0.0636044
United States,USA,1958,0.0653467
United States,USA,1959,0.06713594
United States,USA,1960,0.068952784
United States,USA,1961,0.07074937
United States,USA,1962,0.07260526
United States,USA,1963,0.07455482
United States,USA,1964,0.076582216
United States,USA,1965,0.07873681
United States,USA,1966,0.08104619
United States,USA,1967,0.083418526
United States,USA,1968,0.08588512
United States,USA,1969,0.08858015
United States,USA,1970,0.09131743
United States,USA,1971,0.09404629
United States,USA,1972,0.09689806
United States,USA,1973,0.099819265
United States,USA,1974,0.102642454
United States,USA,1975,0.10530075
United States,USA,1976,0.10802669
United States,USA,1977,0.11079077
United States,USA,1978,0.11361756
United States,USA,1979,0.11647502
United States,USA,1980,0.11922343
United States,USA,1981,0.12184825
United States,USA,1982,0.124316595
United States,USA,1983,0.12670797
United States,USA,1984,0.12913597
United States,USA,1985,0.13151743
United States,USA,1986,0.1338365
United States,USA,1987,0.13620427
United States,USA,1988,0.13862205
United States,USA,1989,0.14101198
United States,USA,1990,0.14345847
United States,USA,1991,0.1458594
United States,USA,1992,0.14828436
United States,USA,1993,0.15075536
United States,USA,1994,0.1532921
United States,USA,1995,0.15583672
United States,USA,1996,0.15844183
United States,USA,1997,0.16107889
United States,USA,1998,0.16371524
United States,USA,1999,0.16629533
United States,USA,2000,0.16895287
United States,USA,2001,0.1715248
United States,USA,2002,0.1740837
United States,USA,2003,0.17673072
United States,USA,2004,0.17940192
United States,USA,2005,0.18209454
United States,USA,2006,0.18478076
United States,USA,2007,0.18750833
United States,USA,2008,0.19016321
United States,USA,2009,0.19253795
United States,USA,2010,0.19499125
United States,USA,2011,0.19742504
United States,USA,2012,0.19973831
United States,USA,2013,0.20212203
United States,USA,2014,0.20456018
United States,USA,2015,0.2069387
United States,USA,2016,0.20921375
United States,USA,2017,0.21150202
United States,USA,2018,0.21394202
United States,USA,2019,0.21639383
United States,USA,2020,0.21853161
United States,USA,2021,0.22092664
United States,USA,2022,0.2234062
United States,USA,2023,0.22584064
United States,USA,2024,0.2282713